Index;Code;Description;Unit;HelpText;DataType;DefaultValue;MinValue;MaxValue;Required
0100;;General information;-;;;;;;1
0101;Name;name of the company;-;;;;;;
0102;City;city / country;-;;;;;;
0103;DescripIndustry;description of the industry;-;;;;;;
0104;Branch;branch;-;;;;;;
0105;SubBranch;sub-branch;-;;;;;;
0106;NACE;NACE code;-;;;;;;
0107;SubNACE;NACE code subsector;-;;;;;;
0108;Contact;name of contact person;-;;;;;;
0109;Role;Role of contact person in the company;-;;;;;;
0110;Address;address;-;;;;;;0
0111;Phone;Telephone  No;-;;;;;;
0112;Fax;Fax No;-;;;;;;
0113;Email;E-mail;-;;;;;;
0200;;Statistical and economical data;;;;;;;
0201;NEmployees;number of employees;-;;;;;;
0202;Turnover;annual turnover;M?/year;;;;;;
0203;ProdCost;annual production cost;M?/year;;;;;;
0204;BaseYear;base year for ec. Data;-;;;;;;
0205;Growth;growth rate of the production volume foreseen for the next 5 years;%/year;;;;;;
0206;Independent;Is the company independent ?;yes/no;;;;;24;
0207;OMThermal ;Yearly O&M heat & cold;?/year;;;;;;
0208;OMElectrical;Yearly O&M electrical ;?/year;;;;;365;
0209;;Period of operation;;;;;;;
0210;HPerDayInd;total hours of operation per working day;h/day;;;;;;
0211;NShifts;number of shifts;-;;;;;;
0212;NDaysInd;days of production / operation per year;days;;;;;;
0213;NoProdStart;principal period of holidays or stops for maintenance - start date;;;;;;;
0214;NoProdStop;principal period of holidays or stops for maintenance - end date;;;;;;;
0215;;Information on products;;;;;;;
0216;Product;type of product;-;;;;;;
0217;ProductCode;product's code;-;;;;;;
0218;QProdYear;quantity of product(s) per year;product-units/year;;;;;;
0219;ProdUnit;measurement unit for product quantity;-;;;;;;
0220;TurnoverProd;anual turnover per product;M?/year;;;;;;
C201;NProducts;Number of products;-;;;;;;
C202;HoursInd;Total yearly working hours in industry;-;;;;;;
0300;;Processes description;;;;;;;
0301;Process;process short name;-;;;;;;
0302;UnitOp;unit operation type;-;;;;;;
0303;ProcType;process type;continuous / batch;;;;;;
0304;ProcMed;Product or process medium (water, oil, air, lye ...); ;;;;;24;
0305;PT;typical(final) temperature of the process medium during operation;øC;;;;;;
0306;PTInFlow;inlet temperature of the process medium (before heat recovery);øC;;;;;;
0307;PTStartUp;start-up temperature of process medium after breaks;§C;;;;;24;
0308;VInFlowDay;Daily inflow of process medium;mü;;;;;;
0309;VolProcMed;Volume of the process medium within the equipment or storage;mü;;;;;;
0310;UAProc;Thermal heat loss coefficient of the process;kW/K;;;;;;
0311;;Schedule;;;;;;;
0312;HPerDayProc;hours of process operation per day;hrs/day;;;;;;
0313;NBatch;Number of batches per day;;;;;;;
0314;HBatch;Duration of 1 batch;h ;;;;;;
0315;NDaysProc;days of operation per year;days / year;;;;;;
0316;;Waste heat (heat available for recovery) ;;;;;;;
0317;PTOutFlow;outlet temperature of waste heat flows;øC;;;;;;
0318;PTFinal;final  temperature of waste heat flows;§C;;;;;;
0319;VOutFlow;Daily outflow of process medium;mü;;;;;;
0320;HeatRecOK;can heat be recovered from the outflowing medium ?;(yes/no);;;;;;
0321;;Waste heat recovery for this process;;;;;;;
0322;HeatRecExist;Exists heat from heat  recovery for the process ?;(yes/no);;;;;;
0323;SourceWasteHeat;Source of waste heat;-;;;;;;
0324;PTInFlowRec;inlet temperature of the process medium (after heat recovery);øC;;;;;;
0325;EnclChartHCSupply;Enclosing Flowchart of HC supply system;;;;;;;
0326;;Data of existing Heat (or Cold-) Supply to the process;;;;;;;
0327;SupplyMed;heat or cold supply medium (water, steam, air); ;;;;;;
0328;PipeDuctProc;heat or cold supply to the process from distribution line / branch No.;;;;;;;
0329;TSupply;Temperature of the heat or cold supply;øC;;;;;;
0330;SupplyMedFlow;flow rate;mü/h;;;;;;
0331;UPHtotQ;UPH from questionnaire (annual);MWh / year;;;;;;
C301;UPH;TOTAL- Useful process heat (per process - UPHk);MWh;;;;;;
C302;UPHc;circulation / renovation;MWh;;;;;;
C303;UPHm;maintenance;MWh;;;;;;
C304;UPHs;preheating at start-up;MWh;;;;;;
C305;UPHw;available waste heat from processes;MWh;;;;;;
C306;UPHp;preheating from waste heat;MWh;;;;;;
C307;UPHmin;minimum required heat demand with heat recovery;MWh;;;;;;
C309;ProcHC;Heating (1) or Cooling (-1);-;;;;;;
C310;UPCtot;total process cooling demand;MWh;;;;;;
C311;UPCnet;total process cooling demand after heat recovery;MWh;;;;;;
C313;PMU;measurement unit for process medium (pmu);-;;;;;;
C314;MProcMed;yearly quantity of medimum processed;pmu/a;;;;;;
C316;PE_SEC;Specific energy consumption (primary energy);kWh/pmu;;;;;;
C317;EL_SEC;Specific energy consumption (electricity);kWh/pmu;;;;;;
C319;UPH_SEC;Specific energy consumption (UPH);kWh/pmu;;;;;;
C321;TEnvProc;Temperature of the process environment for calculation of heat losses under operation;§C;;;;;;
C323;NThProc;Number of thermal processes;-;;;;;;
C326;QdotProc_c;circulation / renovation;kW;;;;;;
C327;QdotProc_m;maintenance;kW;;;;0;24;
C328;QdotProc_s;preheating at start-up;kW;;;;0;365;
C329;QdotProc_w;waste heat recovery;kW;;;;;;
0400;;Fuel consumption and cost;;;;;;;
0401;Fuel;Fuels used;-;;;;;;
0402;FuelUnit;Unit;-;;;;;;
0403;MFuelYear;Annual consumption;units/year;;;;;;
0404;FuelOwn;Total own fuel consumption (LCV);MWh / year (LCV);;;;;;
0405;FuelTariff;Fuel price;?/kWh LCV;;;;;;
0406;FuelCostYear;Annual energy cost;?/year;;;;;;
0407;;Electricity cosumption and cost;;;;;;;
0408;PowerContrTot;Contracted power total;kW;;;;;;
0409;PowerContrStd;Contracted power standard;;;;;;;
0410;PowerContrPeak;Contracted power peak;;;;;;;
0411;PowerContrVall;Contracted power valley;;;;;;;
0412;ElectricityTotYear;Annual consumption total;MWh / year;;;;;;
0413;ElectricityPeakYear;Annual consumption peak;MWh / year;;;;;;
0414;ElectricityStandYear;Annual consumption standard;MWh / year;;;;;;
0415;ElectricityValleyYear;Annual consumption valley;MWh / year;;;;;;
0416;ElGenera;Self-generation (co-generation);MWh / year;;;;;;
0417;ElSales;Sales to grid (co-generation);MWh / year;;;;;;
0418;ElectricityLight;Electricity for lightning;;;;;;;
0419;ElTariffClassTot;Tariff type / class (total);-;;;;;;
0420;ElTariffClassStd;Tariff type / class (standard);;;;;;;
0421;ElTariffClassPeak;Tariff type / class (peak);;;;;;;
0422;ElTariffClassTotVall;Tariff type / class (valley);;;;;;;
0423;ElTariffClassCHP;Tariff type / class (CHP);;;;;;;
0424;ElTariffPowTot;Tariff on installed power (total);?/kWmonth;;;;;;
0425;ElTariffPowStd;Tariff on installed power (standard);?/kWmonth;;;;;;
0426;ElTariffPowPeak;Tariff on installed power (peak);?/kWmonth;;;;;;
0427;ElTariffPowVall;Tariff on installed power (valley);?/kWmonth;;;;;;
0428;ElTariffPowCHP;Tariff on installed power (CHP);?/kWmonth;;;;;;
0429;ElTariffCTot;Tariff on consumption (total);?/MWh;;;;;;
0430;ElTariffCStd;Tariff on consumption (standard);?/MWh;;;;;;
0431;ElTariffCPeak;Tariff on consumption (peak);?/MWh;;;;0;24;
0432;ElTariffCVall;Tariff on consumption (valley);?/MWh;;;;0;365;
0433;ETariffCHP;Tariff sales of CHP(without feedin-tariff);?/MWh;;;;;;
0434;ElCostYearTot;Annual electricity cost total;?/year;;;;;;
0435;ElCostYearStd;Annual electricity cost standard;?/year;;;;;;
0436;ElCostYearPeak;Annual electricity cost peak;?/year;;;;;;
0437;ElCostYearVall;Annual electricity cost valley;?/year;;;;;;
0438;ElSalesYearCHP;Annual electricity sales CHP;?/year;;;;;;
0439;PercentElTotcost;Percentage of electricity cost on overall production cost;%;;;;;;
0440;PercentFuelTotcost;Percentage of fuel cost on overall production cost;%;;;;;;
0441;EnclMonthlyFuelBills;Enclosing monthly fuel bills?;;;;;;;
0442;EnclMonthlyElBills;Enclosing monthly electricity bills?;;;;;;;
0443;ElProd;Electricity consumption per product;MWh / year ;;;;;;
0444;FuelProd;Fuel consumption per product;MWh / year (LCV);;;;;;
C400;PETOTAL;Total primary energy consumption;MWh / year;;;;;;
C401;PETOTAL_EXT;Total primary energy consumption extrapolated to growth of production volume;MWh / year;;;;;;
C402;PE_INT;Primary energy intensity (turnover);kWh/?;;;;;;
C403;PE_SEC;Specific energy consumption (primary energy);kWh/up;;;;;;
C404;EL_OWN;Total own electricity consumption;MWh / year;;;;;;
C405;EL_OWN_EXT;Total own electricity consumption extrapolated to growth of production volume;MWh / year;;;;;;
C406;EL_INT;Intensity of electricity consumption on turnover;kWh/?;;;;;;
C407;EL_SEC;Specific energy consumption (electricity);kWh/up;;;;;;
C408;FUEL_OWN_EXT;Total own fuel consumption extrapolated to growth of production volume;MWh / year;;;;;;
C409;FUEL_INT;Intensity of fuel consumption (LCV) on turnover;kWh/?;;;;;;
C410;FUEL_SEC;Specific energy consumption (fuel);kWh/up;;;;;;
C411;FECi;Final energy consumption per fuels (No. 7 = electricity for thermal uses);MWh / year;;;;;;
C412;FEC;Final energy consumptioin total (for the analysed industry);;;;;;;
C413;FETi;total FET per fuel type (for energyStatistics);;;;;;;
C414;FuelCode;Fuel code;-;;;;0;365;
C415;NFuels;Number of fuels;-;;;;;;
C416;ELECTRICITY_Type;Electricity by type of use;-;;;;;;
C417;ElecticityThermUse;Electricity for thermal use (total industry);;;;;;;
C418;ElectricityNonThermUse;Electricity for non thermal use (total industry);;;;;;;
C419;PEConvFuelMix;Conversion to primary energy of fuel mix;kWhEP/kWhLCV;;;;;;
C420;CO2ConvFuelMix;Specific CO2 emission of fuel mix;t-CO2/kWhLCV;;;;;;
C421;PEConvFuelCHP;Conversion to primary energy of fuel mix;kWhEP/kWhLCV;;;;;;
C422;CO2ConvFuelCHP;Specific CO2 emission of fuel mix;t-CO2/kWhLCV;;;;;;
C423;FuelTariffMix;Mean tariff of the fuel mix;?/MWh;;;;;;
C424;FuelTariffCHP;Fuel tariff for CHP;?/MWh;;;;;;
C425;PECFuels ;Total Primary Energy per all fuels used in industry;MWh;;;;;;
C426;PECElect;Total Primary Energy per all electricity used in industry;MWh;;;;;;
C427;PETFuels;Total Primary Energy per all fuels thermal use;;;;;;;
C428;PETElect;Total Primary Energy per all electricity thermal use;;;;;;;
C429;FECel;Total electricity consumed by the factory;;;;;;;
C430;FETel;Total electricity consumed by the factory for thermal uses;;;;;;;
0500;;Equipment for heat and cold generation;;;;;;;
0501;Equipment;Short name of equipment;-;;;;;;
0502;Manufact;Manufacturer;;;;;;;
0503;YearManufact;Year of  manufacturing or/and installation?;;;;;;;
0504;Model;Model;;;;;;;
0505;EquipType;Type of equipment;;;;;;;
0506;NumEquipUnits;Number of units of the same type;;;;;;;
0507;FuelType; Fuel type;;;;;;;
0508;HCGPnom;Nominal Power (heat or cold, output);kW;;;;;;
0509;FuelConsum;Fuel consumption (nominal);;;;;;;
0510;UnitsFuelConsum;Units (fuel consumption);-;;;;;;
0511;ElectriConsum;Electricity consumption;kW;;;;;;
0512;HCGTEfficiency;Mean overall thermal conversion efficiency;%;;;;;;
0513;HCGEEfficiency;CHP only: Electrical conversion efficiency;%;;;;;;
0514;ElectriProduction;CHP only: Electricity production;kW;;;;;;
0515;TExhaustGas;Temperature of exhaust gas at standard operation conditions;§C;;;;;;
0516;PartLoad;Mean utilisation factor (full capacity = 100%);%;;;;;;
0517;HPerDayEq;hours of operation per day;hrs/day;;;;;;
0518;NDaysEq;days of operation per year;days / year;;;;;;
0519;USHtotQ;Useful Supply Heat from questionnaire;MWh / year;;;;;;
0520;PipeDuctEquip;heat or cold supplyed to the distribution line / branch (piping or duct) no.;-;;;;;;
0521;CoolTowerType;Only for cooling: Type of cooling tower: dry/wet ?;;;;;;;
C501;NEquip;Number of supply equipments of each type (boilers, ?) / No. of units  ;-;;;;;;
C502;USH;Useful Supply Heat for industry (total);;;;;;;
C503;USHj;Useful Supply Heat by equipment;MWh / year;;;;;;
C504;FET;Final Energy consumption for Thermal use for industry (total);;;;;;;
C505;FETj;Final energy for thermal use (consumed by each equipment);MWh / year;;;;;;
C506;HGEffAvg;Average conversion efficiency from final energy to useful supply heat;-;;;;;;
0600;;Distribution of heat/cold;;;;;;;
0601;Pipeduct;Name of the branch / distribution system;-;;;;;;
0602;HeatFromEquipNo;Heat or cold supply comes from equipment(s) no.:;-;;;;;;
0603;HeatDistMedium;heat or cold distribution medium;-;;;;;;
0604;DistribCircFlow;nominal production or circulation rate(specify units);mü/hkg/h;;;;;;
0605;ToutDistrib;outlet temperature (to distribution);øC;;;;;;
0606;TreturnDistrib;return temperature (from distribution);øC;;;;;;
0607;PercentRecirc;Percentage of recirculation;%;;;;;;
0608;Tfeedup;feed-up in open circuit;øC;;;;;;
0609;PressDistMedium;pressure;bar;;;;;;
0610;PercentCondRecovery;percentage of condensate recovery (steam boilers only);%;;;;;;
0611;TotLengthDistPipe;total length of distribution piping or ducts (one way);m ;;;;;;
0612;UDistPipe;total coefficient of heat losses for piping or ducts;kW/K;;;;;;
0613;DDistPipe;mean pipe diameter;mm;;;;;;
0614;DeltaDistPipe;insulation thickness;mm;;;;;;
0615;;Storage;;;;;;;
0616;NumStorageUnits;Number of the heat or cold storage units ;-;;;;;;
0617;VtotStorage;Total volume of the storage;mü ;;;;;;
0618;TypeStorage;Type of storage / storage medium;-;;;;;;
0619;PmaxStorage;maximum pressure;bar;;;;;;
0620;TmaxStorage;maximum temperature of the storage ;øC;;;;;;
0621;EnclChartHCDistribSys;Enclosing flowchart of the heat supply and distribution system?;yes/no;;;;;;
C601;NPIPEDUCT;Number of pipes or ducts;-;;;;;;
C602;HDEffAvg;Average distribution efficiency;-;;;;;;
0800;;Buildings;;;;;;;
0801;NBuild;;;;;;;;
0802;BuildName;Building short name;-;;;;;;
0803;BuildConstructSurface;Constructed surface ;m2;;;;;;
0804;BuildUsefulSurface;Useful surface ;m2;;;;;;
0805;BuildUsage;Use of the building;;;;;;;
0806;BuildEnergyDemand;Global data on energy demand;;;;;;;
0807;BuildMaxHP;Maximum heating power;kW;;;;;;
0808;BuildMaxCP;Maximum cooling power;kW;;;;;;
0809;BuildAnnualHeating;Annual heating demand;MWh / year;;;;;;
0810;BuildAnnualAirCond;Annual demand of air conditioning;MWh / year;;;;;;
0811;BuildDailyDHW;Daily consumption of  DHW;l/day;;;;;;
0812;BuildHoursOccup;Hours of occupation ;h/day;;;;;;
0813;BuildDaysInUse;Days of use per year;days/year;;;;;;
0814;BuildHolidaysPeriod;Holidays period;-;;;;;;
0815;BuildHeatingPeriod;Heating period;;;;;;;
0816;BuildAirCondPeriod;Air conditioning period;;;;;;;
0817;EnclBuildDraw;Enclosing building drawing or sketch?;yes/no;;;;;;
0900;;Renewable energy;;;;;;;
0901;REMotivation;Main motivation for renewable energy use;;;;;;;
0902;REInterest;Are you interested in the use of renweable energy? (solar thermal/biomass);yes/no;;;;;;
0903;REReason;If affirmative, please specify the principal reasons:;;;;;;;
0904;SurfAreaRoof;Available roof area;mý;;;;;;
0905;SurfAreaGround;Available ground area;mý;;;;;;
0906;InclinationRoof;Positioning of the roof area;Inclination;;;;;;
0907;InclinationGround;Positioning of the ground area;Inclination;;;;;;
0908;OrientationRoof;Orientation of the roof area;orientation to south;;;;;;
0909;OrientationGround;Orientation of the ground area;orientation to south;;;;;;
0910;ShadingRoof;shading of roof;;;;;;;
0911;ShadingGround;shading of ground;;;;;;;
0912;DistanceToRoof;Distance between roof and process;;;;;;;
0913;DistanceToGround;Distance between ground and process;;;;;;;
0914;RoofType;Type of roof;;;;;;;
0915;RoofStaticLoadCap;static load capacity of the roof(s);kg/mý;;;;;;
0916;EnclBuildGroundSketch;Enclosing of drawing or scheme of building?;yes/no;;;;;;
0920;;Biomass;;;;;;;
0921;BiomassFromProc;Type of biomass available from processes;-;;;;;;
0922;PeriodBiomassProcStart;Period of year the biomass is available - start;;;;;;;
0923;PeriodBiomassProcStop;Period of year the biomass is available - stop;;;;;;;
0924;NDaysBiomassProc;Number of days biomass is produced;days;;;;;;
0925;QBiomassProcDay;Daily quantity of biomass;t/day;;;;;;
0926;SpaceBiomassProc;Space availability to stock biomass;m3;;;;;;
0927;LCVBiomassProc;LCV biomass;kWh/kg;;;;;;
0928;HumidBiomassProc;Humidity;%;;;;;;
0929;BiomassFromRegion;Type of biomass available from the region;-;;;;;;
0930;PriceBiomassRegion;Unit price of biomass;?/t;;;;;;
0931;PeriodBiomassRegionStart;Period of year the biomass is available - start;;;;;;;
0932;PeriodBiomassRegionStop;Period of year the biomass is available - stop;;;;;;;
0933;NDaysBiomassRegion;Number of days the biomass is produced;days;;;;;;
1000;;Economic parameters used in the economic analysis and the comparative analysis of possible alternatives;;;;;;;
1001;InflationRate;General inflation rate;%;;;;;;
1002;FuelPriceRate;Rate of increment of energy prices;%;;;;;;
1003;InterestExtFinancing;Nominal rate of interest for external financing of installations ;%;;;;;;
1004;PercentExtFinancing;Percentage of external financing for installations;%;;;;;;
1005;AmortisationTime;Time for economic amortisation of installations;years;;;;;;
1007;PublicFundType;Type (credit, subvention);;;;;;;
1008;OMGenTot;General maintenance - total costs;?/year;;;;;;
1009;OMGenOP;General maintenance - own personnel;?/year;;;;;;
1010;OMGenEP;General maintenance - external personnel;?/year;;;;;;
1011;OMGenFung;General maintenance - fungible assets;?/year;;;;;;
1012;OMBuildTot;Buildings - total costs;?/year;;;;;;
1013;OMBuildOP;Buildings - own personnel;?/year;;;;;;
1014;OMBuildEP;Buildings - external personnel;?/year;;;;;;
1015;OMBiuildFung;Buildings - fungible assets;?/year;;;;;;
1016;OMMachEquipTot;Machines and equipment - total costs;?/year;;;;;;
1017;OMMachEquipOP;Machines and equipment - own personnel;?/year;;;;;;
1018;OMMachEquipEP;Machines and equipment  - external personnel;?/year;;;;;;
1019;OMMachEquipFung;Machines and equipment  - fungible assets;?/year;;;;;;
1020;OMHCGenDistTot;Generation and distribution of heat and cold - total costs;?/year;;;;;;
1021;OMHCGenDistOP;Generation and distribution of heat and cold - own personnel;?/year;;;;;;
1022;OMHCGenDistEP;Generation and distribution of heat and cold  - external personnel;?/year;;;;;;
1023;OMHCGenDistFung;Generation and Distribution of heat and cold  - fungible assets;?/year;;;;;;
1024;OMTotalTot;Total - total costs;?/year;;;;;;
1025;OMTotalOP;Total - own personnel;?/year;;;;;;
1026;OMTotalEP;Total - external personnel;?/year;;;;;;
1027;OMTotalFung;Total - fungible assets;?/year;;;;;;
1028;EnergyManagExisting;Is there any energy menagement system implemented?;yes/no;;;;;;
1029;EnergyManagExternal;Is the energy menagent externalized?;yes/no;;;;;;
P001;PEConvEl;Conversion to primary energy of electricity;kWhEP/kWh;;;;;;
P002;CO2ConvEl;Specific CO2 emission of electricity;t-CO2/kWh;;;;;;
P003;HRInvRate;Specific investment cost for heat recovery system;?/(kW/K);;;;;;
P004;HROMRate;Specific annual O&M cost for heat recovery system;?/(kW/K);;;;;;
P005;FeedInCHP;Feedin Tariff for CHP Electricity;?/MWh;;;;;;
P006;SolarInvRateL;Specific turn-key installation cost large systems ( > 1 MW);?/kW;;;;;;
P007;SolarInvRateS;Specific turn-key installation cost small systems (< 10 kW);?/kW;;;;;;
P008;SolarOMRate;specific yearly O&M costs;?/kW;;;;;;
P009;SolarFunding;Percentage of public funding;-;;;;;;
P010;QuSolar;Specifc solar useful heat production;kWh/kW;;;;;;
P011;Inflation;Inflaci¢ general;;;;;;;
P012;InflationFuels;Increment previst preu de combustible (nominal);;;;;;;
P013;InterestRate;Interest rate for external financing;;;;;;;
P014;ExternalFinance;Percentage of external financing;;;;;;;
P015;Amortisation;Amortisation period;;;;;;;
P016;Annuity;Annuity of investment;;;;;;;
P017;EEFunding;Public funding for energy saving measures;;;;;;;
E100;;Benchmark data;;;;;;;
E101;PE_INT_BML;benchmark (lower limit);[kWh/?];;;;;;
E102;PE_INT_BMH;benchmark (upper limit);[kWh/?];;;;;;
E103;PE_INT_TAR;target;[kWh/?];;;;;;
E104;PE_INT_REF;reference code selected benchmark and target;[kWh/?];;;;;;
E105;EL_INT_BML;benchmark (lower limit);;;;;;;
E106;EL_INT_BMH;benchmark (upper limit);;;;;;;
E107;EL_INT_TAR;target;;;;;;;
E108;EL_INT_REF;reference code selected benchmark and target;;;;;;;
E109;FUEL_INT_BML;benchmark (lower limit);;;;;;;
E110;FUEL_INT_BMH;benchmark (upper limit);;;;;;;
E111;FUEL_INT_TAR;target;;;;;;;
E112;FUEL_INT_REF;reference code selected benchmark and target;;;;;;;
E113;PE_SEC_BML;benchmark (lower limit);;;;;;;
E114;PE_SEC_BMH;benchmark (upper limit);;;;;;;
E115;PE_SEC_TAR;target;;;;;;;
E116;PE_SEC_REF;reference code selected benchmark and target;;;;;;;
E117;EL_SEC_BML;benchmark (lower limit);;;;;;;
E118;EL_SEC_BMH;benchmark (upper limit);;;;;;;
E119;EL_SEC_TAR;target;;;;;;;
E120;EL_SEC_REF;reference code selected benchmark and target;;;;;;;
E121;FUEL_SEC_BML;benchmark (lower limit);;;;;;;
E122;FUEL_SEC_BMH;benchmark (upper limit);;;;;;;
E123;FUEL_SEC_TAR;target;;;;;;;
E124;FUEL_SEC_REF;reference code selected benchmark and target;;;;;;;
E125;PE_UOS_BML;benchmark (lower limit);;;;;;;
E126;PE_UOS_BMH;benchmark (upper limit);;;;;;;
E127;PE_UOS_TAR;target;;;;;;;
E128;PE_UOS_REF;reference code selected benchmark and target;;;;;;;
E129;EL_UOS_BML;benchmark (lower limit);;;;;;;
E130;EL_UOS_BMH;benchmark (upper limit);;;;;;;
E131;EL_UOS_TAR;target;;;;;;;
E132;EL_UOS_REF;reference code selected benchmark and target;;;;;;;
E133;UPHS_BML;benchmark (lower limit);;;;;;;
E134;UPHS_BMH;benchmark (upper limit);;;;;;;
E135;UPHS_TAR;target;;;;;;;
E136;UPHS_REF;reference code selected benchmark and target;;;;;;;
E137;ENE_INT_CHK;evaluation of energy intensity;;;;;;;
E138;ENE_INT_COM;comment on evaluation of energy intensity;;;;;;;
E139;ENE_SEC_CHK;evaluation of energy intensity;;;;;;;
E140;ENE_SEC_COM;comment on evaluation of energy intensity;;;;;;;
E141;ENE_UOS_CHK;evaluation of energy intensity;;;;;;;
E142;ENE_UOS_COM;comment on evaluation of energy intensity;;;;;;;
X000;;GUI LABELS;;;;;;;
X001;;Einstein;;Menu;;;;;
X002;;Open;;Menu;;;;;
X003;;Save;;Menu;;;;;
X004;;Import;;Menu;;;;;
X005;;Export;;Menu;;;;;
X006;;Exit;;Menu;;;;;
X007;;Setup;;Menu;;;;;
X008;;Edit Database;;Menu;;;;;
X009;;Preferences;;Menu;;;;;
X010;;General data;;Frame;;;;;
X011;;Energy consumption;;Frame;;;;;
X012;;Processes data;;Frame;;;;;
X013;;Generation of heat and cold;;Frame;;;;;
X014;;Distribution of heat and cold;;Frame;;;;;
X015;;Renewable energies;;Frame;;;;;
X016;;Buildings;;Frame;;;;;
X017;;Economic parameters;;Frame;;;;;
X018;;Edit Industry Data;;treenode;;;;;
X019;;store data;;button;;;;;
X020;;Period of operation;;stInfo3Page1;;;;;
X021;;General information;;stInfo1Page1;;;;;
X022;;Statistical and economical data;;stInfo2Page1;;;;;
X023;;Product list;;stInfo6Page1;;;;;
X024;;Information on products;;stInfo4Page1;;;;;
X025;;add product;;buttonPage1;;;;;
X026;;Energy consumption by product;;stInfo5Page1;;;;;
X027;;delete product;;buttonPage1;;;;;
X028;;clear;;button;;;;;
X029;;Fuel consumption and cost;;stInfo1Page2;;;;;
X030;;Fuel list;;stInfo2Page2;;;;;
X031;;add fuel;;buttonAddFuelPage2;;;;;
X032;;Remove from list;;buttonRemoveFuelFromListPage2;;;;;
X033;;Electricity consumption and cost;;stInfo3Page2;;;;;
X034;;annual consumption MWh/year;;labelGridPage2;;;;;
X035;;contracted power kW;;labelGridPage2;;;;;
X036;;tariff type;;labelGridPage2;;;;;
X037;;tariff on installed power €/kW month;;labelGridPage2;;;;;
X038;;tariff on consumption €/kWh;;labelGridPage2;;;;;
X039;;annual electricity cost €/MWh;;labelGridPage2;;;;;
X040;;Electric consumption -;;labelGridPage2;;;;;
X041;;according type of use;;labelGridPage2;;;;;
X042;;annual consumption MWh/year;;labelGridPage2;;;;;
X043;;Peak;;labelGridPage2;;;;;
X044;;Standart;;labelGridPage2;;;;;
X045;;Valley;;labelGridPage2;;;;;
X046;;TOTAL;;labelGridPage2;;;;;
X047;;self-generation;;labelGridPage2;;;;;
X048;;sales to grid;;labelGridPage2;;;;;
X049;;Electricity for thermal uses;;labelGridPage2;;;;;
X050;;Electricity for non-thermal uses;;labelGridPage2;;;;;
X051;;Refrigeration;;labelGridPage2;;;;;
X052;;Air Conditioning;;labelGridPage2;;;;;
X053;;Other uses;;labelGridPage2;;;;;
X054;;Motor and machines;;labelGridPage2;;;;;
X055;;Electro-chemics;;labelGridPage2;;;;;
X056;;Lighting;;labelGridPage2;;;;;
X057;;add process;;buttonAddProcessPage3;;;;;
X058;;delete process;;buttonDeleteProcessPage3;;;;;
X059;;Process list;;stInfo1Page3;;;;;
X060;;Equipment list;;stInfo1Page4;;;;;
X061;;delete equipment;;buttonDeleteEquipmentPage4;;;;;
X062;;add equipment;;buttonAddEquipmentPage4;;;;;
X063;;Distribution list;;stInfo1Page5;;;;;
X064;;delete distribution;;buttonDeleteDistributionPage5;;;;;
X065;;add distribution;;buttonAddDistributionPage5;;;;;
X066;;Solar thermal energy;;stInfo2Page6;;;;;
X067;;Roof;;stInfo3Page6;;;;;
X068;;Ground;;stInfo4Page6;;;;;
X069;;Biomass;;stInfo5Page6;;;;;
X070;;Availability of biomass \nfrom the processes;;stInfo6Page6;;;;;
X071;;Availability of biomass \nfrom the region;;stInfo7Page6;;;;;
X072;;Are you interested in the use of renewable energy?;;st1Page6;;;;;
X073;;possibility of saving fuel cost;;st2Page6;;;;;
X074;;contribution to a more ecologic supply;;st3Page6;;;;;
X075;;using solar energy helps for a better marketing of your products;;st4Page6;;;;;
X076;;other;;st5Page6;;;;;
X077;;available area;m²;;;;;;
X078;;positioning of the area;inclination of degrees;;;;;;
X079;;positioning of the area;orientation to south;;;;;;
X080;;shading problems?;;;;;;;
X081;;distance to the technical room or process;m;;;;;;
X082;;period of year the biomass is available;dd/mm-dd/mm;;;;;;
X083;;period of year the biomass is available;dd/mm-dd/mm;;;;;;
X084;;Building list;;stInfo1Page7;;;;;
X085;;Building (or part of building);;stInfo2Page7;;;;;
X086;;delete building;;buttonDeleteBuildingPage7;;;;;
X087;;add building;;buttonAddBuildingPage7;;;;;
X088;;stInfo2Page8;;stInfo2Page8;;;;;
X089;;stInfo3Page8;;stInfo3Page8;;;;;
X090;;public funding for energy saving measures;;stInfo4_1Page8;;;;;
X091;;Type (credit, subvention);;stInfo4_2Page8;;;;;
X092;;Operation and maintenance costs;;stInfo5Page8;;;;;
X093;;General maintenance;;stInfo6Page8;;;;;
X094;;Buildings;;stInfo7Page8;;;;;
X095;;Machines and equipment for processes;;stInfo8Page8;;;;;
X096;;Generation and distribution of heat and cold;;stInfo9Page8;;;;;
X097;;Total;;stInfo10Page8;;;;;
X098;;Total costs \n€/year;;stInfo11Page8;;;;;
X099;;Own personal \n€/year;;stInfo12Page8;;;;;
X100;;External personel \n€/year;;stInfo13Page8;;;;;
X101;;Spare parts and \nfungible assets \n€/year;;stInfo14Page8;;;;;
X102;;Externalisation of energetic services;;stInfo15Page8;;;;;
X103;;&New Project;;menu;;;;;
X104;;&Import Project;;menu;;;;;
X105;;&Export Project;;menu;;;;;
X106;;Import &Questionnaire;;menu;;;;;
X107;;E&xit;;menu;;;;;
X108;;&Benchmarks;;menu;;;;;
X109;;&Nace code;;menu;;;;;
X110;;&Unit operation;;menu;;;;;
X111;;&CHP;;menu;;;;;
X112;;&Heat pumps;;menu;;;;;
X113;;Flui&ds;;menu;;;;;
X114;;Fue&ls;;menu;;;;;
X115;;B&oilers;;menu;;;;;
X115a;;Stora&ge;;menu;;;;;
X116;;&Solar equipment;;menu;;;;;
X117;;&Chillers;;menu;;;;;       
X118;;&Edit databases;;menu;;;;;
X119;;&Preferences;;menu;;;;;
X120;;fully interactive;;menu;;;;;
X121;;semi-automatic;;menu;;;;;
X122;;automatic;;menu;;;;;
X123;;User interaction &level;;menu;;;;;
X123a;;C&lassification;;menu;;;;;
X124;;&Create report;;menu;;;;;
X125;;&Report preview;;menu;;;;;
X126;;&Documentation;;menu;;;;;
X127;;&About;;menu;;;;;
X128;;&File;;menu;;;;;
X129;;&Edit;;menu;;;;;
X130;;&Settings;;menu;;;;;
X131;;&Results;;menu;;;;;
X132;;&Help;;menu;;;;;
X133;;Consistency Check;;treenode;;;;;
X134;;Basic check;;treenode;;;;;
X135;;Estimate missing data;;treenode;;;;;
X136;;Energy statistics;;treenode;;;;;
X137;;Primary energy;;treenode;;;;;
X138;;Final energy by fuels;;treenode;;;;;
X139;;Final energy by equipment;;treenode;;;;;
X140;;Process heat;;treenode;;;;;
X141;;Energy intensity;;treenode;;;;;
X142;;Production of CO2;;treenode;;;;;
X143;;Benchmark check;;treenode;;;;;
X144;;Select appropriate benchmarks;;treenode;;;;;
X145;;Alternative proposals;;treenode;;;;;
X146;;Design;;treenode;;;;;
X147;;Report;;treenode;;;;;
X148;;Report Page 1;;treenode;;;;;
X149;;Report Page 2;;treenode;;;;;
X150;;Print Report;;treenode;;;;;